<?xml version="1.0" encoding="UTF-8"?>
<project-private xmlns="http://www.netbeans.org/ns/project-private/1">
    <editor-bookmarks xmlns="http://www.netbeans.org/ns/editor-bookmarks/2" lastBookmarkId="0"/>
    <open-files xmlns="http://www.netbeans.org/ns/projectui-open-files/2">
        <group>
            <file>file:/C:/Users/katha/Desktop/Labs_Digital_2/Labs_Digital_2/Mini_Proy_1/MASTER/MP_M.X/SPI.c</file>
            <file>file:/C:/Users/katha/Desktop/Labs_Digital_2/Labs_Digital_2/Mini_Proy_1/MASTER/MP_M.X/USART.c</file>
            <file>file:/C:/Users/katha/Desktop/Labs_Digital_2/Labs_Digital_2/Mini_Proy_1/MASTER/MP_M.X/main.c</file>
            <file>file:/C:/Users/katha/Desktop/Labs_Digital_2/Labs_Digital_2/Mini_Proy_1/MASTER/MP_M.X/LCD.c</file>
        </group>
    </open-files>
</project-private>
